PID,CLASS,CLASSNAME,SEQ,,,
onlyEST | chr1 | 1,3,Non-Skipped Cassette,TACAGGAAGAAAAAGGCAGGACAGAATTACAAGGTGCTGGCCCAGGGCGGGCAGCGGCCCTGCCTCCTACCCTTGCGCCTCATGACCAGCTTGTTGAAGAGATCCGACATCAAGTGCCCACCTTGGCTCGTGGCTCTCACTGCAACGGGAAAGCCACAGACTGGGGTGAAGAGTTCAGTCACATGCGACCGGTGACTCCCTGTCCCCAC,,,
onlyEST | chr1 | 2,3,Non-Skipped Cassette,ACTCAGGGCTGGAGGGGAGGAGGCGATCTTGCCCAAGGCCCTCCGACTGCAAGCTCCAGGGCCCGCTCACCTTGCTCCTGCTCCTTCTGCTGCTGCTTCTCCAGCTTTCGCTCCTTCATGCTGCGCAGCTTGGCCTTGCCGATGCCCCCAGCTTGGCGGATGGACTCTAGCAGAGTGGCCAGCCACCGGAGGGGTCAACCACTTCCCTGGGAGCTCCCTGGACTGGAGCCGGGAGGTGGGGAACAGGGCAAGGAGGAAAGGCTGCTCAGGCAGGGCTGGGGAAGCTTACTGT,,,
FAM138A | chr1 | 108,2,Skipped Cassette,AGTCCTGCTTCCTAACAAGTGTTTAGAGCTTAATCGTGTTCAAAATACATATACAATGTTTAATACTTACAAGAATTTGGTGGGGAAAATATTACCATCTTTCCCTTTTGTGATTGGAGAAAAATGAGGCTTTGAAGGGTTTAAGAACTTGCCCAAGGTCGGCCAGGTGCAGTGGCTCATGTCTATAATCCCAACACTTTGGGAGGCTGAGGTGGGAGGATCGCTTGAGGCCAGGAGTTCAAGACCAGCCTGAGCAACATAGTGAGACTTTGTCTCTATAAAAAATAAATAAATAAATAAAAACAACTTGTCCAAGGTCAGACAGGCAGCCTCTTAGTAAGCACA,,,
RP11-34P13.7 | chr1 | 108,2,Skipped Cassette,GGTTCTCTGTTCTTTTCTCAGGTGTGTCCTTAACCTTGCAAATAGATTTCTTGAAATGATTGAGACTCACCTTGGTTGTGTTCTTTGATTAGTGCCTGTGACGCAGCTTCAGGAGGTCCTGAGAACGTGTGCACAGTTTAGTCGGCAGAAACTTAGGGAAATGTAAGACCACCATCAGCACATAGGAGTTCTGCATTGGTTTGGTCTGCATTGGTTTGGTCTGGAAGGAGGAAAATTCAAAGTAATGGGGCTTACAGGTCATAGATAGATTCAAAGATTTTCTGATTGTC,,,
NOC2L | chr1,5,5' Alternative Splice Event,GCCCACGTGGCTCTGCCCTCCCGCCAGATGGGCTCACAGGGCCACACCCTCTCACCCCAAGACCATTCACCCTCCGAGTTGCTGCTGTCCTCCTCGCCCTCCTCCTCGTCCTCTTCATCGTCTTCCACCCCATGCCGAGTGCTCAGGGGCCTCAGTATCCCTGAGGAACAAGAAGCAGAGTCCATATGACTCCCACCCACAGGGTCCACCAGCAAAGTCACAGTGGGGGC,,,
NOC2L | chr1,5,5' Alternative Splice Event,TCTGGGATACAAAAAAGGACCGACCACCAGATACAGCCAGGCCCCCGTGCCCTCCCCACCAGAATAGCACCTGTATGGCCGAGCCCAGGTAAGCCTTGATGTCCACACGAAGCTTCCCCCAGAGCGGGCTGCTGGACGGCTGCAGCATCCTGCAGAGAGACCACCCACCCCTGGCTGGGAGGCCCCACGGCTCGGACGCGAGGCTGCTCAGCATGTTGG,,,
NOC2L | chr1,4,3' Alternative Splice Event,CCCCCACATGTAGCTGGGGCTATACCCTGGCAGGTGCCCTCAGGTGGCACTACCCCCAGGGCCCACTAACCACTGCCTGCTGCTCAGAGACGCCGAAGGAAACCCTCTGGCGGCGGCTGCAGATGTATGCCGAGTTCTCCTGAACCTTCCCAAGCAGCTGCTGCACCTGCCGGCAGTAGTTGGCCACCTTGCACTCCCGGAGGAACGACTTCAGCTGCGGAAGGGAGGGGTCAGCCACTGAAGCCCAGGACCGCTCCATGTGCACAGCTGGCCCAGGTCCTGTG,,,
NOC2L | chr1,4,3' Alternative Splice Event,CCATCCACCTCAGCACCCCCAACCCCACCCTGGGAACTGCCCAGGCCCCTCCCCAGGAGGCCAGCCTCACCCGGTACGCCTTCTCCTGCAGGTTGACATTGGACAGCTTCAGGATCACGGAGAAGTTGATGGGCTTGGAGCTCATGCGCCCTGGCTTCCTGTTGAAGTCGACCTGCTGGAACATCTGCCCCAAGGGCCGTGTCAGGCTCTCTCGGCCCCATGCCTGGTCACCCTGGCTTCACCCTGGCTGCACC,,,
LINC01128 | chr1,1,Constitutive Exon,CACTTTAATTTCTTAGACAAATATTTTCAACATTCTCCTGTTTTCTCAAGGATGTCTGTTTTCTCCCCAGGTATGATCCTGTTTAAGGACTGGATTTAGGATAACTACTTAGAGGTTAAAAGTCACAAGGGTGTATGGATGAGGCTGGAGTGATCTGGGACCAAAGGTATGGGTGATAAAGCAGAGTATCTAAGCAGCTCCTGGGATTGGTGTCTTTAAAAAAGTAATAATGCATT,,,
SAMD11 | chr1,1,Constitutive Exon,CTCTTGGCTCTGCTGGGCTGGAGGATGGAGCAGCACCCGGGTCCTGACCCTCCCTCCCTCCCCCTTCCAGGTCTTCAGGGAGCAGGGGATCGACGGGGAGACCCTGCCACTGCTGACGGAGGAGCACCTGCTGACCAACATGGGGCTGAAGCTGGGGCCCGCCCTCAAGATCCGGGCCCAGGTGAGACGCTGGGGAGTGAGGTCAGGGTCTCCAGACCACAGCTGGGCAGAAAGCTCTGGGTGGGTGTGCG,,,
